insert into sport (id, name) values (1, 'Rugby');
insert into sport (id, name) values (2, 'Football');
insert into sport (id, name) values (3, 'Basketball');
insert into sport (id, name) values (4, 'Volleyball');

INSERT INTO country (id, code, alpha2, alpha3, name) VALUES (1, 4, 'AF', 'AFG', 'Afghanistan');
INSERT INTO country (id, code, alpha2, alpha3, name) VALUES (2, 8, 'AL', 'ALB', 'Albania');
INSERT INTO country (id, code, alpha2, alpha3, name) VALUES (3, 10, 'AQ', 'ATA', 'Antarctica');
INSERT INTO country (id, code, alpha2, alpha3, name) VALUES (4, 12, 'DZ', 'DZA', 'Algeria');
INSERT INTO country (id, code, alpha2, alpha3, name) VALUES (5, 16, 'AS', 'ASM', 'American Samoa');
INSERT INTO country (id, code, alpha2, alpha3, name) VALUES (6, 20, 'AD', 'AND', 'Andorra');
INSERT INTO country (id, code, alpha2, alpha3, name) VALUES (7, 24, 'AO', 'AGO', 'Angola');
INSERT INTO country (id, code, alpha2, alpha3, name) VALUES (8, 28, 'AG', 'ATG', 'Antigua and Barbuda');
INSERT INTO country (id, code, alpha2, alpha3, name) VALUES (9, 31, 'AZ', 'AZE', 'Azerbaijan');
INSERT INTO country (id, code, alpha2, alpha3, name) VALUES (10, 32, 'AR', 'ARG', 'Argentina');
INSERT INTO country (id, code, alpha2, alpha3, name) VALUES (11, 36, 'AU', 'AUS', 'Australia');
INSERT INTO country (id, code, alpha2, alpha3, name) VALUES (12, 40, 'AT', 'AUT', 'Austria');
INSERT INTO country (id, code, alpha2, alpha3, name) VALUES (13, 44, 'BS', 'BHS', 'Bahamas');
INSERT INTO country (id, code, alpha2, alpha3, name) VALUES (14, 48, 'BH', 'BHR', 'Bahrain');
INSERT INTO country (id, code, alpha2, alpha3, name) VALUES (15, 50, 'BD', 'BGD', 'Bangladesh');
INSERT INTO country (id, code, alpha2, alpha3, name) VALUES (16, 51, 'AM', 'ARM', 'Armenia');
INSERT INTO country (id, code, alpha2, alpha3, name) VALUES (17, 52, 'BB', 'BRB', 'Barbados');
INSERT INTO country (id, code, alpha2, alpha3, name) VALUES (18, 56, 'BE', 'BEL', 'Belgium');
INSERT INTO country (id, code, alpha2, alpha3, name) VALUES (19, 60, 'BM', 'BMU', 'Bermuda');
INSERT INTO country (id, code, alpha2, alpha3, name) VALUES (20, 64, 'BT', 'BTN', 'Bhutan');
INSERT INTO country (id, code, alpha2, alpha3, name) VALUES (21, 68, 'BO', 'BOL', 'Bolivia');
INSERT INTO country (id, code, alpha2, alpha3, name) VALUES (22, 70, 'BA', 'BIH', 'Bosnia and Herzegovina');
INSERT INTO country (id, code, alpha2, alpha3, name) VALUES (23, 72, 'BW', 'BWA', 'Botswana');
INSERT INTO country (id, code, alpha2, alpha3, name) VALUES (24, 74, 'BV', 'BVT', 'Bouvet Island');
INSERT INTO country (id, code, alpha2, alpha3, name) VALUES (25, 76, 'BR', 'BRA', 'Brazil');
INSERT INTO country (id, code, alpha2, alpha3, name) VALUES (26, 84, 'BZ', 'BLZ', 'Belize');
INSERT INTO country (id, code, alpha2, alpha3, name) VALUES (27, 86, 'IO', 'IOT', 'British Indian Ocean Territory');
INSERT INTO country (id, code, alpha2, alpha3, name) VALUES (28, 90, 'SB', 'SLB', 'Solomon Islands');
INSERT INTO country (id, code, alpha2, alpha3, name) VALUES (29, 92, 'VG', 'VGB', 'British Virgin Islands');
INSERT INTO country (id, code, alpha2, alpha3, name) VALUES (30, 96, 'BN', 'BRN', 'Brunei Darussalam');
INSERT INTO country (id, code, alpha2, alpha3, name) VALUES (31, 100, 'BG', 'BGR', 'Bulgaria');
INSERT INTO country (id, code, alpha2, alpha3, name) VALUES (32, 104, 'MM', 'MMR', 'Myanmar');
INSERT INTO country (id, code, alpha2, alpha3, name) VALUES (33, 108, 'BI', 'BDI', 'Burundi');
INSERT INTO country (id, code, alpha2, alpha3, name) VALUES (34, 112, 'BY', 'BLR', 'Belarus');
INSERT INTO country (id, code, alpha2, alpha3, name) VALUES (35, 116, 'KH', 'KHM', 'Cambodia');
INSERT INTO country (id, code, alpha2, alpha3, name) VALUES (36, 120, 'CM', 'CMR', 'Cameroon');
INSERT INTO country (id, code, alpha2, alpha3, name) VALUES (37, 124, 'CA', 'CAN', 'Canada');
INSERT INTO country (id, code, alpha2, alpha3, name) VALUES (38, 132, 'CV', 'CPV', 'Cape Verde');
INSERT INTO country (id, code, alpha2, alpha3, name) VALUES (39, 136, 'KY', 'CYM', 'Cayman Islands');
INSERT INTO country (id, code, alpha2, alpha3, name) VALUES (40, 140, 'CF', 'CAF', 'Central African');
INSERT INTO country (id, code, alpha2, alpha3, name) VALUES (41, 144, 'LK', 'LKA', 'Sri Lanka');
INSERT INTO country (id, code, alpha2, alpha3, name) VALUES (42, 148, 'TD', 'TCD', 'Chad');
INSERT INTO country (id, code, alpha2, alpha3, name) VALUES (43, 152, 'CL', 'CHL', 'Chile');
INSERT INTO country (id, code, alpha2, alpha3, name) VALUES (44, 156, 'CN', 'CHN', 'China');
INSERT INTO country (id, code, alpha2, alpha3, name) VALUES (45, 158, 'TW', 'TWN', 'Taiwan');
INSERT INTO country (id, code, alpha2, alpha3, name) VALUES (46, 162, 'CX', 'CXR', 'Christmas Island');
INSERT INTO country (id, code, alpha2, alpha3, name) VALUES (47, 166, 'CC', 'CCK', 'Cocos (Keeling) Islands');
INSERT INTO country (id, code, alpha2, alpha3, name) VALUES (48, 170, 'CO', 'COL', 'Colombia');
INSERT INTO country (id, code, alpha2, alpha3, name) VALUES (49, 174, 'KM', 'COM', 'Comoros');
INSERT INTO country (id, code, alpha2, alpha3, name) VALUES (50, 175, 'YT', 'MYT', 'Mayotte');
INSERT INTO country (id, code, alpha2, alpha3, name) VALUES (51, 178, 'CG', 'COG', 'Republic of the Congo');
INSERT INTO country (id, code, alpha2, alpha3, name) VALUES (52, 180, 'CD', 'COD', 'The Democratic Republic Of The Congo');
INSERT INTO country (id, code, alpha2, alpha3, name) VALUES (53, 184, 'CK', 'COK', 'Cook Islands');
INSERT INTO country (id, code, alpha2, alpha3, name) VALUES (54, 188, 'CR', 'CRI', 'Costa Rica');
INSERT INTO country (id, code, alpha2, alpha3, name) VALUES (55, 191, 'HR', 'HRV', 'Croatia');
INSERT INTO country (id, code, alpha2, alpha3, name) VALUES (56, 192, 'CU', 'CUB', 'Cuba');
INSERT INTO country (id, code, alpha2, alpha3, name) VALUES (57, 196, 'CY', 'CYP', 'Cyprus');
INSERT INTO country (id, code, alpha2, alpha3, name) VALUES (58, 203, 'CZ', 'CZE', 'Czech Republic');
INSERT INTO country (id, code, alpha2, alpha3, name) VALUES (59, 204, 'BJ', 'BEN', 'Benin');
INSERT INTO country (id, code, alpha2, alpha3, name) VALUES (60, 208, 'DK', 'DNK', 'Denmark');
INSERT INTO country (id, code, alpha2, alpha3, name) VALUES (61, 212, 'DM', 'DMA', 'Dominica');
INSERT INTO country (id, code, alpha2, alpha3, name) VALUES (62, 214, 'DO', 'DOM', 'Dominican Republic');
INSERT INTO country (id, code, alpha2, alpha3, name) VALUES (63, 218, 'EC', 'ECU', 'Ecuador');
INSERT INTO country (id, code, alpha2, alpha3, name) VALUES (64, 222, 'SV', 'SLV', 'El Salvador');
INSERT INTO country (id, code, alpha2, alpha3, name) VALUES (65, 226, 'GQ', 'GNQ', 'Equatorial Guinea');
INSERT INTO country (id, code, alpha2, alpha3, name) VALUES (66, 231, 'ET', 'ETH', 'Ethiopia');
INSERT INTO country (id, code, alpha2, alpha3, name) VALUES (67, 232, 'ER', 'ERI', 'Eritrea');
INSERT INTO country (id, code, alpha2, alpha3, name) VALUES (68, 233, 'EE', 'EST', 'Estonia');
INSERT INTO country (id, code, alpha2, alpha3, name) VALUES (69, 234, 'FO', 'FRO', 'Faroe Islands');
INSERT INTO country (id, code, alpha2, alpha3, name) VALUES (70, 238, 'FK', 'FLK', 'Falkland Islands');
INSERT INTO country (id, code, alpha2, alpha3, name) VALUES (71, 239, 'GS', 'SGS', 'South Georgia and the South Sandwich Islands');
INSERT INTO country (id, code, alpha2, alpha3, name) VALUES (72, 242, 'FJ', 'FJI', 'Fiji');
INSERT INTO country (id, code, alpha2, alpha3, name) VALUES (73, 246, 'FI', 'FIN', 'Finland');
INSERT INTO country (id, code, alpha2, alpha3, name) VALUES (74, 248, 'AX', 'ALA', 'Åland Islands');
INSERT INTO country (id, code, alpha2, alpha3, name) VALUES (75, 250, 'FR', 'FRA', 'France');
INSERT INTO country (id, code, alpha2, alpha3, name) VALUES (76, 254, 'GF', 'GUF', 'French Guiana');
INSERT INTO country (id, code, alpha2, alpha3, name) VALUES (77, 258, 'PF', 'PYF', 'French Polynesia');
INSERT INTO country (id, code, alpha2, alpha3, name) VALUES (78, 260, 'TF', 'ATF', 'French Southern Territories');
INSERT INTO country (id, code, alpha2, alpha3, name) VALUES (79, 262, 'DJ', 'DJI', 'Djibouti');
INSERT INTO country (id, code, alpha2, alpha3, name) VALUES (80, 266, 'GA', 'GAB', 'Gabon');
INSERT INTO country (id, code, alpha2, alpha3, name) VALUES (81, 268, 'GE', 'GEO', 'Georgia');
INSERT INTO country (id, code, alpha2, alpha3, name) VALUES (82, 270, 'GM', 'GMB', 'Gambia');
INSERT INTO country (id, code, alpha2, alpha3, name) VALUES (83, 275, 'PS', 'PSE', 'Occupied Palestinian Territory');
INSERT INTO country (id, code, alpha2, alpha3, name) VALUES (84, 276, 'DE', 'DEU', 'Germany');
INSERT INTO country (id, code, alpha2, alpha3, name) VALUES (85, 288, 'GH', 'GHA', 'Ghana');
INSERT INTO country (id, code, alpha2, alpha3, name) VALUES (86, 292, 'GI', 'GIB', 'Gibraltar');
INSERT INTO country (id, code, alpha2, alpha3, name) VALUES (87, 296, 'KI', 'KIR', 'Kiribati');
INSERT INTO country (id, code, alpha2, alpha3, name) VALUES (88, 300, 'GR', 'GRC', 'Greece');
INSERT INTO country (id, code, alpha2, alpha3, name) VALUES (89, 304, 'GL', 'GRL', 'Greenland');
INSERT INTO country (id, code, alpha2, alpha3, name) VALUES (90, 308, 'GD', 'GRD', 'Grenada');
INSERT INTO country (id, code, alpha2, alpha3, name) VALUES (91, 312, 'GP', 'GLP', 'Guadeloupe');
INSERT INTO country (id, code, alpha2, alpha3, name) VALUES (92, 316, 'GU', 'GUM', 'Guam');
INSERT INTO country (id, code, alpha2, alpha3, name) VALUES (93, 320, 'GT', 'GTM', 'Guatemala');
INSERT INTO country (id, code, alpha2, alpha3, name) VALUES (94, 324, 'GN', 'GIN', 'Guinea');
INSERT INTO country (id, code, alpha2, alpha3, name) VALUES (95, 328, 'GY', 'GUY', 'Guyana');
INSERT INTO country (id, code, alpha2, alpha3, name) VALUES (96, 332, 'HT', 'HTI', 'Haiti');
INSERT INTO country (id, code, alpha2, alpha3, name) VALUES (97, 334, 'HM', 'HMD', 'Heard Island and McDonald Islands');
INSERT INTO country (id, code, alpha2, alpha3, name) VALUES (98, 336, 'VA', 'VAT', 'Vatican City State');
INSERT INTO country (id, code, alpha2, alpha3, name) VALUES (99, 340, 'HN', 'HND', 'Honduras');
INSERT INTO country (id, code, alpha2, alpha3, name) VALUES (100, 344, 'HK', 'HKG', 'Hong Kong');
INSERT INTO country (id, code, alpha2, alpha3, name) VALUES (101, 348, 'HU', 'HUN', 'Hungary');
INSERT INTO country (id, code, alpha2, alpha3, name) VALUES (102, 352, 'IS', 'ISL', 'Iceland');
INSERT INTO country (id, code, alpha2, alpha3, name) VALUES (103, 356, 'IN', 'IND', 'India');
INSERT INTO country (id, code, alpha2, alpha3, name) VALUES (104, 360, 'ID', 'IDN', 'Indonesia');
INSERT INTO country (id, code, alpha2, alpha3, name) VALUES (105, 364, 'IR', 'IRN', 'Islamic Republic of Iran');
INSERT INTO country (id, code, alpha2, alpha3, name) VALUES (106, 368, 'IQ', 'IRQ', 'Iraq');
INSERT INTO country (id, code, alpha2, alpha3, name) VALUES (107, 372, 'IE', 'IRL', 'Ireland');
INSERT INTO country (id, code, alpha2, alpha3, name) VALUES (108, 376, 'IL', 'ISR', 'Israel');
INSERT INTO country (id, code, alpha2, alpha3, name) VALUES (109, 380, 'IT', 'ITA', 'Italy');
INSERT INTO country (id, code, alpha2, alpha3, name) VALUES (110, 384, 'CI', 'CIV', 'Côte d''Ivoire');
INSERT INTO country (id, code, alpha2, alpha3, name) VALUES (111, 388, 'JM', 'JAM', 'Jamaica');
INSERT INTO country (id, code, alpha2, alpha3, name) VALUES (112, 392, 'JP', 'JPN', 'Japan');
INSERT INTO country (id, code, alpha2, alpha3, name) VALUES (113, 398, 'KZ', 'KAZ', 'Kazakhstan');
INSERT INTO country (id, code, alpha2, alpha3, name) VALUES (114, 400, 'JO', 'JOR', 'Jordan');
INSERT INTO country (id, code, alpha2, alpha3, name) VALUES (115, 404, 'KE', 'KEN', 'Kenya');
INSERT INTO country (id, code, alpha2, alpha3, name) VALUES (116, 408, 'KP', 'PRK', 'Democratic People''s Republic of Korea');
INSERT INTO country (id, code, alpha2, alpha3, name) VALUES (117, 410, 'KR', 'KOR', 'Republic of Korea');
INSERT INTO country (id, code, alpha2, alpha3, name) VALUES (118, 414, 'KW', 'KWT', 'Kuwait');
INSERT INTO country (id, code, alpha2, alpha3, name) VALUES (119, 417, 'KG', 'KGZ', 'Kyrgyzstan');
INSERT INTO country (id, code, alpha2, alpha3, name) VALUES (120, 418, 'LA', 'LAO', 'Lao People''s Democratic Republic');
INSERT INTO country (id, code, alpha2, alpha3, name) VALUES (121, 422, 'LB', 'LBN', 'Lebanon');
INSERT INTO country (id, code, alpha2, alpha3, name) VALUES (122, 426, 'LS', 'LSO', 'Lesotho');
INSERT INTO country (id, code, alpha2, alpha3, name) VALUES (123, 428, 'LV', 'LVA', 'Latvia');
INSERT INTO country (id, code, alpha2, alpha3, name) VALUES (124, 430, 'LR', 'LBR', 'Liberia');
INSERT INTO country (id, code, alpha2, alpha3, name) VALUES (125, 434, 'LY', 'LBY', 'Libyan Arab Jamahiriya');
INSERT INTO country (id, code, alpha2, alpha3, name) VALUES (126, 438, 'LI', 'LIE', 'Liechtenstein');
INSERT INTO country (id, code, alpha2, alpha3, name) VALUES (127, 440, 'LT', 'LTU', 'Lithuania');
INSERT INTO country (id, code, alpha2, alpha3, name) VALUES (128, 442, 'LU', 'LUX', 'Luxembourg');
INSERT INTO country (id, code, alpha2, alpha3, name) VALUES (129, 446, 'MO', 'MAC', 'Macao');
INSERT INTO country (id, code, alpha2, alpha3, name) VALUES (130, 450, 'MG', 'MDG', 'Madagascar');
INSERT INTO country (id, code, alpha2, alpha3, name) VALUES (131, 454, 'MW', 'MWI', 'Malawi');
INSERT INTO country (id, code, alpha2, alpha3, name) VALUES (132, 458, 'MY', 'MYS', 'Malaysia');
INSERT INTO country (id, code, alpha2, alpha3, name) VALUES (133, 462, 'MV', 'MDV', 'Maldives');
INSERT INTO country (id, code, alpha2, alpha3, name) VALUES (134, 466, 'ML', 'MLI', 'Mali');
INSERT INTO country (id, code, alpha2, alpha3, name) VALUES (135, 470, 'MT', 'MLT', 'Malta');
INSERT INTO country (id, code, alpha2, alpha3, name) VALUES (136, 474, 'MQ', 'MTQ', 'Martinique');
INSERT INTO country (id, code, alpha2, alpha3, name) VALUES (137, 478, 'MR', 'MRT', 'Mauritania');
INSERT INTO country (id, code, alpha2, alpha3, name) VALUES (138, 480, 'MU', 'MUS', 'Mauritius');
INSERT INTO country (id, code, alpha2, alpha3, name) VALUES (139, 484, 'MX', 'MEX', 'Mexico');
INSERT INTO country (id, code, alpha2, alpha3, name) VALUES (140, 492, 'MC', 'MCO', 'Monaco');
INSERT INTO country (id, code, alpha2, alpha3, name) VALUES (141, 496, 'MN', 'MNG', 'Mongolia');
INSERT INTO country (id, code, alpha2, alpha3, name) VALUES (142, 498, 'MD', 'MDA', 'Republic of Moldova');
INSERT INTO country (id, code, alpha2, alpha3, name) VALUES (143, 500, 'MS', 'MSR', 'Montserrat');
INSERT INTO country (id, code, alpha2, alpha3, name) VALUES (144, 504, 'MA', 'MAR', 'Morocco');
INSERT INTO country (id, code, alpha2, alpha3, name) VALUES (145, 508, 'MZ', 'MOZ', 'Mozambique');
INSERT INTO country (id, code, alpha2, alpha3, name) VALUES (146, 512, 'OM', 'OMN', 'Oman');
INSERT INTO country (id, code, alpha2, alpha3, name) VALUES (147, 516, 'NA', 'NAM', 'Namibia');
INSERT INTO country (id, code, alpha2, alpha3, name) VALUES (148, 520, 'NR', 'NRU', 'Nauru');
INSERT INTO country (id, code, alpha2, alpha3, name) VALUES (149, 524, 'NP', 'NPL', 'Nepal');
INSERT INTO country (id, code, alpha2, alpha3, name) VALUES (150, 528, 'NL', 'NLD', 'Netherlands');
INSERT INTO country (id, code, alpha2, alpha3, name) VALUES (151, 530, 'AN', 'ANT', 'Netherlands Antilles');
INSERT INTO country (id, code, alpha2, alpha3, name) VALUES (152, 533, 'AW', 'ABW', 'Aruba');
INSERT INTO country (id, code, alpha2, alpha3, name) VALUES (153, 540, 'NC', 'NCL', 'New Caledonia');
INSERT INTO country (id, code, alpha2, alpha3, name) VALUES (154, 548, 'VU', 'VUT', 'Vanuatu');
INSERT INTO country (id, code, alpha2, alpha3, name) VALUES (155, 554, 'NZ', 'NZL', 'New Zealand');
INSERT INTO country (id, code, alpha2, alpha3, name) VALUES (156, 558, 'NI', 'NIC', 'Nicaragua');
INSERT INTO country (id, code, alpha2, alpha3, name) VALUES (157, 562, 'NE', 'NER', 'Niger');
INSERT INTO country (id, code, alpha2, alpha3, name) VALUES (158, 566, 'NG', 'NGA', 'Nigeria');
INSERT INTO country (id, code, alpha2, alpha3, name) VALUES (159, 570, 'NU', 'NIU', 'Niue');
INSERT INTO country (id, code, alpha2, alpha3, name) VALUES (160, 574, 'NF', 'NFK', 'Norfolk Island');
INSERT INTO country (id, code, alpha2, alpha3, name) VALUES (161, 578, 'NO', 'NOR', 'Norway');
INSERT INTO country (id, code, alpha2, alpha3, name) VALUES (162, 580, 'MP', 'MNP', 'Northern Mariana Islands');
INSERT INTO country (id, code, alpha2, alpha3, name) VALUES (163, 581, 'UM', 'UMI', 'United States Minor Outlying Islands');
INSERT INTO country (id, code, alpha2, alpha3, name) VALUES (164, 583, 'FM', 'FSM', 'Federated States of Micronesia');
INSERT INTO country (id, code, alpha2, alpha3, name) VALUES (165, 584, 'MH', 'MHL', 'Marshall Islands');
INSERT INTO country (id, code, alpha2, alpha3, name) VALUES (166, 585, 'PW', 'PLW', 'Palau');
INSERT INTO country (id, code, alpha2, alpha3, name) VALUES (167, 586, 'PK', 'PAK', 'Pakistan');
INSERT INTO country (id, code, alpha2, alpha3, name) VALUES (168, 591, 'PA', 'PAN', 'Panama');
INSERT INTO country (id, code, alpha2, alpha3, name) VALUES (169, 598, 'PG', 'PNG', 'Papua New Guinea');
INSERT INTO country (id, code, alpha2, alpha3, name) VALUES (170, 600, 'PY', 'PRY', 'Paraguay');
INSERT INTO country (id, code, alpha2, alpha3, name) VALUES (171, 604, 'PE', 'PER', 'Peru');
INSERT INTO country (id, code, alpha2, alpha3, name) VALUES (172, 608, 'PH', 'PHL', 'Philippines');
INSERT INTO country (id, code, alpha2, alpha3, name) VALUES (173, 612, 'PN', 'PCN', 'Pitcairn');
INSERT INTO country (id, code, alpha2, alpha3, name) VALUES (174, 616, 'PL', 'POL', 'Poland');
INSERT INTO country (id, code, alpha2, alpha3, name) VALUES (175, 620, 'PT', 'PRT', 'Portugal');
INSERT INTO country (id, code, alpha2, alpha3, name) VALUES (176, 624, 'GW', 'GNB', 'Guinea-Bissau');
INSERT INTO country (id, code, alpha2, alpha3, name) VALUES (177, 626, 'TL', 'TLS', 'Timor-Leste');
INSERT INTO country (id, code, alpha2, alpha3, name) VALUES (178, 630, 'PR', 'PRI', 'Puerto Rico');
INSERT INTO country (id, code, alpha2, alpha3, name) VALUES (179, 634, 'QA', 'QAT', 'Qatar');
INSERT INTO country (id, code, alpha2, alpha3, name) VALUES (180, 638, 'RE', 'REU', 'Réunion');
INSERT INTO country (id, code, alpha2, alpha3, name) VALUES (181, 642, 'RO', 'ROU', 'Romania');
INSERT INTO country (id, code, alpha2, alpha3, name) VALUES (182, 643, 'RU', 'RUS', 'Russian Federation');
INSERT INTO country (id, code, alpha2, alpha3, name) VALUES (183, 646, 'RW', 'RWA', 'Rwanda');
INSERT INTO country (id, code, alpha2, alpha3, name) VALUES (184, 654, 'SH', 'SHN', 'Saint Helena');
INSERT INTO country (id, code, alpha2, alpha3, name) VALUES (185, 659, 'KN', 'KNA', 'Saint Kitts and Nevis');
INSERT INTO country (id, code, alpha2, alpha3, name) VALUES (186, 660, 'AI', 'AIA', 'Anguilla');
INSERT INTO country (id, code, alpha2, alpha3, name) VALUES (187, 662, 'LC', 'LCA', 'Saint Lucia');
INSERT INTO country (id, code, alpha2, alpha3, name) VALUES (188, 666, 'PM', 'SPM', 'Saint-Pierre and Miquelon');
INSERT INTO country (id, code, alpha2, alpha3, name) VALUES (189, 670, 'VC', 'VCT', 'Saint Vincent and the Grenadines');
INSERT INTO country (id, code, alpha2, alpha3, name) VALUES (190, 674, 'SM', 'SMR', 'San Marino');
INSERT INTO country (id, code, alpha2, alpha3, name) VALUES (191, 678, 'ST', 'STP', 'Sao Tome and Principe');
INSERT INTO country (id, code, alpha2, alpha3, name) VALUES (192, 682, 'SA', 'SAU', 'Saudi Arabia');
INSERT INTO country (id, code, alpha2, alpha3, name) VALUES (193, 686, 'SN', 'SEN', 'Senegal');
INSERT INTO country (id, code, alpha2, alpha3, name) VALUES (194, 690, 'SC', 'SYC', 'Seychelles');
INSERT INTO country (id, code, alpha2, alpha3, name) VALUES (195, 694, 'SL', 'SLE', 'Sierra Leone');
INSERT INTO country (id, code, alpha2, alpha3, name) VALUES (196, 702, 'SG', 'SGP', 'Singapore');
INSERT INTO country (id, code, alpha2, alpha3, name) VALUES (197, 703, 'SK', 'SVK', 'Slovakia');
INSERT INTO country (id, code, alpha2, alpha3, name) VALUES (198, 704, 'VN', 'VNM', 'Vietnam');
INSERT INTO country (id, code, alpha2, alpha3, name) VALUES (199, 705, 'SI', 'SVN', 'Slovenia');
INSERT INTO country (id, code, alpha2, alpha3, name) VALUES (200, 706, 'SO', 'SOM', 'Somalia');
INSERT INTO country (id, code, alpha2, alpha3, name) VALUES (201, 710, 'ZA', 'ZAF', 'South Africa');
INSERT INTO country (id, code, alpha2, alpha3, name) VALUES (202, 716, 'ZW', 'ZWE', 'Zimbabwe');
INSERT INTO country (id, code, alpha2, alpha3, name) VALUES (203, 724, 'ES', 'ESP', 'Spain');
INSERT INTO country (id, code, alpha2, alpha3, name) VALUES (204, 732, 'EH', 'ESH', 'Western Sahara');
INSERT INTO country (id, code, alpha2, alpha3, name) VALUES (205, 736, 'SD', 'SDN', 'Sudan');
INSERT INTO country (id, code, alpha2, alpha3, name) VALUES (206, 740, 'SR', 'SUR', 'Suriname');
INSERT INTO country (id, code, alpha2, alpha3, name) VALUES (207, 744, 'SJ', 'SJM', 'Svalbard and Jan Mayen');
INSERT INTO country (id, code, alpha2, alpha3, name) VALUES (208, 748, 'SZ', 'SWZ', 'Swaziland');
INSERT INTO country (id, code, alpha2, alpha3, name) VALUES (209, 752, 'SE', 'SWE', 'Sweden');
INSERT INTO country (id, code, alpha2, alpha3, name) VALUES (210, 756, 'CH', 'CHE', 'Switzerland');
INSERT INTO country (id, code, alpha2, alpha3, name) VALUES (211, 760, 'SY', 'SYR', 'Syrian Arab Republic');
INSERT INTO country (id, code, alpha2, alpha3, name) VALUES (212, 762, 'TJ', 'TJK', 'Tajikistan');
INSERT INTO country (id, code, alpha2, alpha3, name) VALUES (213, 764, 'TH', 'THA', 'Thailand');
INSERT INTO country (id, code, alpha2, alpha3, name) VALUES (214, 768, 'TG', 'TGO', 'Togo');
INSERT INTO country (id, code, alpha2, alpha3, name) VALUES (215, 772, 'TK', 'TKL', 'Tokelau');
INSERT INTO country (id, code, alpha2, alpha3, name) VALUES (216, 776, 'TO', 'TON', 'Tonga');
INSERT INTO country (id, code, alpha2, alpha3, name) VALUES (217, 780, 'TT', 'TTO', 'Trinidad and Tobago');
INSERT INTO country (id, code, alpha2, alpha3, name) VALUES (218, 784, 'AE', 'ARE', 'United Arab Emirates');
INSERT INTO country (id, code, alpha2, alpha3, name) VALUES (219, 788, 'TN', 'TUN', 'Tunisia');
INSERT INTO country (id, code, alpha2, alpha3, name) VALUES (220, 792, 'TR', 'TUR', 'Turkey');
INSERT INTO country (id, code, alpha2, alpha3, name) VALUES (221, 795, 'TM', 'TKM', 'Turkmenistan');
INSERT INTO country (id, code, alpha2, alpha3, name) VALUES (222, 796, 'TC', 'TCA', 'Turks and Caicos Islands');
INSERT INTO country (id, code, alpha2, alpha3, name) VALUES (223, 798, 'TV', 'TUV', 'Tuvalu');
INSERT INTO country (id, code, alpha2, alpha3, name) VALUES (224, 800, 'UG', 'UGA', 'Uganda');
INSERT INTO country (id, code, alpha2, alpha3, name) VALUES (225, 804, 'UA', 'UKR', 'Ukraine');
INSERT INTO country (id, code, alpha2, alpha3, name) VALUES (226, 807, 'MK', 'MKD', 'The Former Yugoslav Republic of Macedonia');
INSERT INTO country (id, code, alpha2, alpha3, name) VALUES (227, 818, 'EG', 'EGY', 'Egypt');
INSERT INTO country (id, code, alpha2, alpha3, name) VALUES (228, 826, 'GB', 'GBR', 'United Kingdom');
INSERT INTO country (id, code, alpha2, alpha3, name) VALUES (229, 833, 'IM', 'IMN', 'Isle of Man');
INSERT INTO country (id, code, alpha2, alpha3, name) VALUES (230, 834, 'TZ', 'TZA', 'United Republic Of Tanzania');
INSERT INTO country (id, code, alpha2, alpha3, name) VALUES (231, 840, 'US', 'USA', 'United States');
INSERT INTO country (id, code, alpha2, alpha3, name) VALUES (232, 850, 'VI', 'VIR', 'U.S. Virgin Islands');
INSERT INTO country (id, code, alpha2, alpha3, name) VALUES (233, 854, 'BF', 'BFA', 'Burkina Faso');
INSERT INTO country (id, code, alpha2, alpha3, name) VALUES (234, 858, 'UY', 'URY', 'Uruguay');
INSERT INTO country (id, code, alpha2, alpha3, name) VALUES (235, 860, 'UZ', 'UZB', 'Uzbekistan');
INSERT INTO country (id, code, alpha2, alpha3, name) VALUES (236, 862, 'VE', 'VEN', 'Venezuela');
INSERT INTO country (id, code, alpha2, alpha3, name) VALUES (237, 876, 'WF', 'WLF', 'Wallis and Futuna');
INSERT INTO country (id, code, alpha2, alpha3, name) VALUES (238, 882, 'WS', 'WSM', 'Samoa');
INSERT INTO country (id, code, alpha2, alpha3, name) VALUES (239, 887, 'YE', 'YEM', 'Yemen');
INSERT INTO country (id, code, alpha2, alpha3, name) VALUES (240, 891, 'CS', 'SCG', 'Serbia and Montenegro');
INSERT INTO country (id, code, alpha2, alpha3, name) VALUES (241, 894, 'ZM', 'ZMB', 'Zambia');

insert into point_type(id, name, value, sport_id) VALUES (1, 'RUGBY_TRY', 5, 1);
insert into point_type(id, name, value, sport_id) VALUES (2, 'RUGBY_PENALTY_TRY', 5, 1);
insert into point_type(id, name, value, sport_id) VALUES (3, 'RUGBY_CONVERSION', 2, 1);
insert into point_type(id, name, value, sport_id) VALUES (4, 'RUGBY_PENALTY_GOAL', 3, 1);
insert into point_type(id, name, value, sport_id) VALUES (5, 3, 3, 1);


insert into town (id, name, postal_code, country_id) values (1, 'Armentieres', '59280', 75);
insert into town (id, name, postal_code, country_id) values (2, 'Mouvaux', '59420', 75);
insert into town (id, name, postal_code, country_id) values (3, 'Ypres', '4521', 18);

insert into team (id, age, name, town_id) values (1, '-11 ans', 'Buffles', 1);
insert into team (id, age, name, town_id) values (2, '-11 ans', 'Renards', 2);
insert into team (id, age, name, town_id) values (3, '-11 ans', 'Ecureils', 3);

/* ************************ */
/* ***** Tournament 1 ***** */
/* ************************ */
insert into tournament (id, name, tournament_date, town_id, sport_id) values (1, 'Mai the First', '2015-05-01 00:00:00', 1, 1);

insert into match (id, date, tournament_id) values (1, '2015-05-01 16:00:00', 1);

insert into match_team (match_id, team_id) values (1, 1);
insert into match_team (match_id, team_id) values (1, 2);

insert into point (id, date_time, point_type_id, match_id, team_id) values (1, '2015-05-01 16:05:10', 1, 1, 1);
insert into point (id, date_time, point_type_id, match_id, team_id) values (2, '2015-05-01 16:06:10', 3, 1, 1);
insert into point (id, date_time, point_type_id, match_id, team_id) values (3, '2015-05-01 16:08:10', 1, 1, 1);
insert into point (id, date_time, point_type_id, match_id, team_id) values (4, '2015-05-01 16:07:10', 3, 1, 2);

insert into match (id, date, tournament_id) values (2, '2015-05-01 16:30:00', 1);

insert into match_team (match_id, team_id) values (2, 1);
insert into match_team (match_id, team_id) values (2, 3);

insert into point (id, date_time, point_type_id, match_id, team_id) values (5, '2015-05-01 16:35:10', 1, 2, 1);
insert into point (id, date_time, point_type_id, match_id, team_id) values (6, '2015-05-01 16:36:10', 3, 2, 1);
insert into point (id, date_time, point_type_id, match_id, team_id) values (7, '2015-05-01 16:38:10', 1, 2, 1);
insert into point (id, date_time, point_type_id, match_id, team_id) values (8, '2015-05-01 16:37:10', 3, 2, 3);

insert into match (id, date, tournament_id) values (3, '2015-05-01 17:00:00', 1);

insert into match_team (match_id, team_id) values (3, 2);
insert into match_team (match_id, team_id) values (3, 3);

insert into point (id, date_time, point_type_id, match_id, team_id) values (9,  '2015-05-01 17:05:10', 1, 3, 3);
insert into point (id, date_time, point_type_id, match_id, team_id) values (10, '2015-05-01 17:06:10', 3, 3, 3);
insert into point (id, date_time, point_type_id, match_id, team_id) values (11, '2015-05-01 17:08:10', 1, 3, 3);
insert into point (id, date_time, point_type_id, match_id, team_id) values (12, '2015-05-01 17:07:10', 3, 3, 2);

/* ************************ */
/* ***** Tournament 2 ***** */
/* ************************ */
insert into tournament (id, name, tournament_date, town_id, sport_id) values (2, 'May the Height', '2015-05-08 00:00:00', 1, 1);

insert into match (id, date, tournament_id) values (4, '2015-05-08 16:00:00', 2);

insert into match_team (match_id, team_id) values (4, 1);
insert into match_team (match_id, team_id) values (4, 2);

insert into point (id, date_time, point_type_id, match_id, team_id) values (13, '2015-05-08 16:05:10', 1, 1, 2);
insert into point (id, date_time, point_type_id, match_id, team_id) values (14, '2015-05-08 16:06:10', 3, 1, 1);
insert into point (id, date_time, point_type_id, match_id, team_id) values (15, '2015-05-08 16:08:10', 1, 1, 1);
insert into point (id, date_time, point_type_id, match_id, team_id) values (16, '2015-05-08 16:07:10', 3, 1, 2);

insert into match (id, date, tournament_id) values (5, '2015-05-08 16:30:00', 2);

insert into match_team (match_id, team_id) values (5, 1);
insert into match_team (match_id, team_id) values (5, 3);

insert into point (id, date_time, point_type_id, match_id, team_id) values (17, '2015-05-08 16:35:10', 1, 2, 1);
insert into point (id, date_time, point_type_id, match_id, team_id) values (18, '2015-05-08 16:36:10', 3, 2, 3);
insert into point (id, date_time, point_type_id, match_id, team_id) values (19, '2015-05-08 16:38:10', 1, 2, 1);
insert into point (id, date_time, point_type_id, match_id, team_id) values (20, '2015-05-08 16:37:10', 3, 2, 3);

insert into match (id, date, tournament_id) values (6, '2015-05-08 17:00:00', 2);

insert into match_team (match_id, team_id) values (6, 2);
insert into match_team (match_id, team_id) values (6, 3);

insert into point (id, date_time, point_type_id, match_id, team_id) values (21, '2015-05-08 17:05:10', 1, 3, 2);
insert into point (id, date_time, point_type_id, match_id, team_id) values (22, '2015-05-08 17:06:10', 3, 3, 3);
insert into point (id, date_time, point_type_id, match_id, team_id) values (23, '2015-05-08 17:08:10', 1, 3, 3);
insert into point (id, date_time, point_type_id, match_id, team_id) values (24, '2015-05-08 17:07:10', 3, 3, 2);

/* ************************ */
/* ***** Tournament 3 ***** */
/* ************************ */
insert into tournament (id, name, tournament_date, town_id, sport_id) values (3, 'Ascention', '2015-05-14 00:00:00', 1, 1);

insert into match (id, date, tournament_id) values (7,  '2015-05-14 16:00:00', 3);
insert into match (id, date, tournament_id) values (8, '2015-05-14 16:30:00', 3);
insert into match (id, date, tournament_id) values (9, '2015-05-14 17:00:00', 3);

insert into match_team (match_id, team_id) values (7, 1);
insert into match_team (match_id, team_id) values (7, 2);
insert into match_team (match_id, team_id) values (8, 1);
insert into match_team (match_id, team_id) values (8, 3);
insert into match_team (match_id, team_id) values (9, 2);
insert into match_team (match_id, team_id) values (9, 3);

/* ***** Tournament 4 ***** */
insert into tournament (id, name, tournament_date, town_id, sport_id) values (4, 'Pentecote', '2015-05-24 00:00:00', 1, 1);

insert into match (id, date, tournament_id) values (10, '2015-05-24 16:00:00', 4);
insert into match (id, date, tournament_id) values (11, '2015-05-24 16:30:00', 4);
insert into match (id, date, tournament_id) values (12, '2015-05-24 17:00:00', 4);

insert into match_team (match_id, team_id) values (10, 1);
insert into match_team (match_id, team_id) values (10, 2);
insert into match_team (match_id, team_id) values (11, 1);
insert into match_team (match_id, team_id) values (11, 3);
insert into match_team (match_id, team_id) values (12, 2);
insert into match_team (match_id, team_id) values (12, 3);
